,importance
rot_speed_rpm_m10,0.038400043746533365
rot_speed_rpm_m30,0.035250661092172265
torque_nm_m10,0.03451342815775704
vib_per_rpm,0.030158815512393935
wear_torque,0.029567678903236007
rot_speed_rpm_m60,0.026778569781136637
wear_torque_m10,0.02669401002300414
torque_nm_m30,0.026131243536696897
power_w_m10,0.025544782050934887
torque_nm_m60,0.025297167163365903
tool_wear_min,0.022060578021498137
current_a_m10,0.020430217189784716
tool_wear_min_m10,0.015746841117735583
torque_nm,0.015495737368310412
air_temp_k_m10,0.015386617176723145
process_temp_k_m60,0.01523729316859604
power_w_m30,0.014771296717229572
wear_torque_m30,0.014339503188245993
rot_speed_rpm,0.01429678010255937
air_temp_k_m60,0.013901898102614043
air_temp_k_m30,0.013766573386903645
temp_diff_k_m10,0.01376149679410691
vibration_mms_m30,0.013620319762303117
current_a_m30,0.01316472071529883
vibration_mms_m10,0.012585664113518172
tool_wear_min_d10,0.012570388811067236
air_temp_k,0.012437986347158904
power_w_m60,0.012113171231345976
humidity_pct_m60,0.012043854070218303
tool_wear_min_s60,0.011783785036154376
